{
//"spider":"https://agit.ai/Yoursmile7/TVBox/raw/branch/master/Yoursmile.jar",
"spider":"./JAR/Yoursmile.jar",
"lives":[{"group":"redirect","channels":[{"name":"redirect","urls":["proxy://do=live&type=txt&ext=./TV/live.txt"]}]}],
"wallpaper":"http://maoyingshi.cc/api.php",
"sites":[
{"key":"csp_Kunyu77","name":"七七〔SP〕","type":3,"api":"csp_Kunyu77","searchable":1,"quickSearch":1,"filterable":1},
{"key":"csp_Lib","name":"LIBVIO〔SP〕","type":3,"api":"csp_Lib","searchable":1,"quickSearch":1,"filterable":1},
{"key":"csp_AppTT","name":"图图影视〔SP〕","type":3,"api":"csp_AppTT","searchable":1,"quickSearch":1,"filterable":1,"ext":"http://43.154.35.148:9797/api/tutuapp.php"},
{"key":"AppTT","name":"图图影视〔ts〕","type":"3","api":"csp_Dora","searchable":"1","quickSearch":"1","filterable":"1","ext":"110c922de7d69804467fb83d3bb664b5","jar":"./JAR/cs.jar"},
{"key":"csp_Czsapp","name":"厂长资源〔SP〕","type":3,"api":"csp_Czsapp","searchable":1,"quickSearch":1,"filterable":1},
{"key":"Czsapp","name":"厂长资源〔ts〕","type":"3","api":"csp_Dora","searchable":"1","quickSearch":"1","filterable":"1","ext":"8ee655f702d0d21f3643504783babbc3","jar":"./JAR/cs.jar"},
{"key":"一起看","name":"一起看〔ts〕","type":"3","api":"csp_Dora","searchable":"1","quickSearch":"1","filterable":"1","ext":"8e3aefcba838d8dc5102ac786719d837","jar":"./JAR/cs.jar"},
{"key":"csp_LiteApple","name":"小苹果〔SP〕","type":3,"api":"csp_LiteApple","searchable":1,"quickSearch":1,"filterable":1},
{"key":"csp_Nmys","name":"农民影视〔SP〕","type":3,"api":"csp_Nmys","searchable":1,"quickSearch":1,"filterable":1,"ext":"./XP/nongminyingshi.json"},
{"key":"csp_Kuaikan","name":"快看〔SP〕","type":3,"api":"csp_Kuaikan","searchable":1,"quickSearch":1,"filterable":1},
{"key":"csp_Xinsj","name":"新视觉〔SP〕","type":3,"api":"csp_Xinsj","searchable":1,"quickSearch":1,"filterable":1},
{"key":"csp_Lezhu","name":"乐猪影视〔SP〕","api":"csp_Lezhu","type":3,"filterable":1,"quickSearch":1,"searchable":1},
{"key":"csp_Bttoo","name":"两个BT〔SP〕","type":3,"api":"csp_Bttoo","searchable":1,"quickSearch":1,"filterable":1},
{"key":"csp_Auete","name":"Auete〔SP〕","type":3,"api":"csp_Auete","searchable":1,"quickSearch":1,"filterable":1},
{"key":"csp_Bdys","name":"哔嘀影视〔SP〕","type":3,"api":"csp_Bdys01","searchable":1,"quickSearch":1,"filterable":1},
{"key":"csp_Mjxq","name":"美剧星球〔SP〕","type":3,"api":"csp_Mjxq","searchable":1,"quickSearch":1,"filterable":1},
{"key":"csp_Lib","name":"LIBVIO〔SP〕","type":3,"api":"csp_Lib","searchable":1,"quickSearch":1,"filterable":1},
{"key":"csp_IQIYI","name":"爱奇艺〔SP〕","type":3,"api":"csp_IQIYI","searchable":1,"quickSearch":1,"filterable":1},
{"key":"csp_Mgtv","name":"芒果TV〔SP〕","type":3,"api":"csp_Mgtv","searchable":1,"quickSearch":1,"filterable":1},
{"key":"csp_QQ","name":"腾讯视频〔SP〕","type":3,"api":"csp_QQ","searchable":1,"quickSearch":1,"filterable":1},
{"key":"csp_SP360","name":"360〔SP〕","type":3,"api":"csp_SP360","searchable":1,"quickSearch":1,"filterable":1},
{"key":"csp_Tkys","name":"天空影视〔SP〕","type":3,"api":"csp_Tkys","searchable":1,"quickSearch":1,"filterable":1},
{"key":"剧荒TV","name":"剧荒TV〔SP〕","type":3,"api":"csp_Juhuang","searchable":1,"quickSearch":1,"filterable":1},
{"key":"csp_Nkdy","name":"南柯〔SP〕","type":3,"api":"csp_Nkdy","searchable":1,"quickSearch":1,"filterable":1},
{"key":"csp_Ysgc","name":"影视工厂〔SP〕","type":3,"api":"csp_Ysgc","searchable":1,"quickSearch":1,"filterable":1},
{"key":"csp_Dy1010","name":"双十〔SP〕","type":3,"api":"csp_Dy1010","searchable":1,"quickSearch":1,"filterable":1},
{"key":"csp_fant","name":"饭团〔SP〕","api":"csp_Fantuan","type":3,"filterable":1,"quickSearch":1,"searchable":1},
{"key":"csp_Dy555","name":"555影院〔SP〕","type":"3","api":"csp_Dy555","searchable":"1","quickSearch":"1","filterable":"1"},
{"key":"Dy555","name":"555电影(ts)","type":"3","api":"csp_Dora","searchable":"1","quickSearch":"1","filterable":"1","ext":"f41992bd740145ed58cb212dc0876582","jar":"./JAR/cs.jar"},
{"key":"Yanet","name":"鸭奈飞〔ts〕","type":3,"api":"csp_Dora","searchable":1,"quickSearch":1,"filterable":1,"ext":"a369b1f623fe86605f1b029f0cf66349","jar":"./JAR/cs.jar"},
{"key":"Pang","name":"胖虎〔SP〕","type":"3","api":"csp_Dora","searchable":"1","quickSearch":"1","filterable":"1","ext":"c41fdb671b20925c76fa9b6ff8bad027","jar":"./JAR/cs.jar"},
{"key":"Tian","name":"天天〔SP〕","type":"3","api":"csp_Dora","searchable":"1","quickSearch":"1","filterable":"1","ext":"bdc1c75081e5e477189a463baa47e392","jar":"./JAR/cs.jar"},
{"key":"csp_Smdyy","name":"神马影院〔SP〕","type":3,"api":"csp_Smdyy","searchable":1,"quickSearch":1,"filterable":1},
{"key":"csp_IKan","name":"爱看〔SP〕","type":3,"api":"csp_Dora","searchable": 1,"quickSearch": 1,"filterable":1,"ext":"a4ce9a4ba7d4f4bced2ff9dfc4ab4e50","jar":"./JAR/cs.jar"},
{"key":"cap_Zjdr","name":"追剧达人〔SP〕","type":3,"api":"csp_Zjdr","searchable":1,"quickSearch":1,"filterable":1},
{"key":"csp_Cokemv","name":"Cokemv〔SP〕","type":3,"api":"csp_Cokemv","searchable":1,"quickSearch":1,"filterable":1},
{"key":"csp_Ddrk","name":"低端影视〔SP〕","type":3,"api":"csp_Ddrk","searchable":1,"quickSearch":1,"filterable":1,"click":"ddys.tv;#vjsp > button"},
{"key":"csp_Lgyy","name":"蓝光影院〔SP〕","type":3,"api":"csp_Lgyy","searchable":1,"quickSearch":1,"filterable":1},
{"key":"Gitcafe","name":"小纸条〔ts〕","type":3,"api":"csp_Gitcafe","searchable":1,"quickSearch":1,"filterable":1,"ext":"https://ghproxy.com/https://raw.githubusercontent.com/Pandora2277/box/main/token.txt","jar":"./JAR/cs.jar"},
{"key":"csp_Bili","name":"哔哩套餐〔SP〕","type":3,"api":"csp_Bili","searchable":1,"quickSearch":1,"filterable":1,"ext":"./xBPQ/哔哩哔哩.json"},
{"key":"csp_Yj1211","name":"️直播合集〔SP〕","type":3,"api":"csp_Yj1211","searchable":1,"quickSearch":1,"filterable":1},
{"key":"csp_Anime1","name":"动漫〔SP〕","type":3,"api":"csp_Anime1","searchable":1,"quickSearch":1,"filterable":1},
{"key":"csp_Dm84","name":"动漫巴士〔SP〕","type":3,"api":"csp_Dm84","searchable":1,"quickSearch":1,"filterable":1},
{"key":"Tbook","name":"听书网〔SP〕","type":3,"api":"csp_Dora","searchable":1,"quickSearch":1,"filterable":1,"ext":"d16d1517e9eaad9909cb35c55ba0b784","jar":"./JAR/cs.jar"},
{"key":"csp_bendi","name":"本地文件(打开存储权限)","type":3,"api":"csp_LocalFile","searchable":0,"quickSearch":0,"filterable":0,"type_flag":1},
{"key":"csp_Alist","name":"AList(SP)","type":3,"api":"csp_Alist","searchable":1,"quickSearch":1,"filterable":1,"jumpDetail":0,"reversePlay":0,"enable":1,"ext":"./xBPQ/Alist.json","jar":"./JAR/Yoursmile2.jar"},
{"key":"csp_Alist1","name":"网盘合集(SP)","type":3,"api":"csp_Alist","searchable":1,"quickSearch":1,"filterable":1,"jumpDetail":0,"reversePlay":0,"enable":1,"ext":"./xBPQ/Alist1.json"},
{"key":"bdys","name":"哔嘀(磁力测试)","type":3,"api":"csp_XPbd","searchable":1,"quickSearch":1,"filterable":1,"ext":"clan://tvbox/xp/bdys.json"},
{"key":"douban","name":"豆瓣荐片(T4)","type":4,"api":"https://service-la7b1xlw-1308372858.gz.apigw.tencentcs.com/release/vod","searchable":1,"quickSearch":1,"filterable":0},
{"key":"T4_douban","name":"影视推荐(T4)","type":4,"api":"http://top.fuqizhishi.com/vod","searchable":1,"quickSearch":1,"filterable":1},
{"key":"csp_Upyunso","name":"Up云搜","type":3,"api":"csp_Upyunso","searchable":1,"playerType":1,"quickSearch":1,"filterable":1,"ext": "57a6d0febcba41c480eb14be6cfcb6f7"},
{"key":"AliPS","name":"盘搜","type":3,"api":"csp_AliPS","searchable":1,"quickSearch":1,"filterable":1,"ext": "57a6d0febcba41c480eb14be6cfcb6f7"},
{"key":"FindZY","name":"找资源","type":3,"api":"csp_Zhaozy","searchable":1,"quickSearch":1,"filterable":1,"ext": "57a6d0febcba41c480eb14be6cfcb6f7"},
{"key":"csp_Yisou","name":"易搜","type":3,"api":"csp_Yisou","searchable":1,"quickSearch":1,"filterable":1,"ext": "57a6d0febcba41c480eb14be6cfcb6f7"},
{"key":"push_agent","name":"推送","type":3,"api":"csp_PushAgent","searchable":1,"playerType":1,"quickSearch":1,"filterable":1,"ext": "57a6d0febcba41c480eb14be6cfcb6f7"}

],
"parses":[
{"name":"解析聚合","type":3,"url":"Demo"},
{"name":"Web聚合","type":3,"url":"Web"},
{"name":"Json并发","type":2,"url":"Parallel"},
{"name":"Json轮询","type":2,"url":"Sequence"},
{"name": "全能[①]","type": 0,"url": "https://jx.255tv.cn/api/?key=3t4CoYwM7x73KDaBAE&url="},

{"name": "全能[③]","type": 0,"url": "https://jx.zhanlangbu.com/?url=","ext":{"header":{"User-Agent":"okhttp/4.1.0"},"flag":["qq","腾讯","qiyi","爱奇艺","奇艺","youku","优酷","mgtv","芒果","letv","乐视","pptv","PPTV","sohu","bilibili","哔哩哔哩","哔哩"]}},

{"name":"鸿途手动解析","type":0,"url":"https://h5.freejson.xyz/player/?url=","ext":{"header":{"User-Agent":"okhttp/4.1.0"},"flag":["qq","腾讯","qiyi","爱奇艺","奇艺","youku","优酷","mgtv","芒果","letv","乐视","pptv","PPTV","sohu","bilibili","哔哩哔哩","哔哩"]}},

{"name":"鸿途手动解析2","type":0,"url":"https://h5.freejson.xyz/player/analysis.php?v=","ext":{"header":{"User-Agent":"okhttp/4.1.0"},"flag":["qq","腾讯","qiyi","爱奇艺","奇艺","youku","优酷","mgtv","芒果","letv","乐视","pptv","PPTV","sohu","bilibili","哔哩哔哩","哔哩"]}},

{"name":"PRAWIX手动解析","type":0,"url":"https://jx.bozrc.com:4433/player/?url=","ext":{"header":{"User-Agent":"okhttp/4.1.0"},"flag":["qq","腾讯","qiyi","爱奇艺","奇艺","youku","优酷","mgtv","芒果","letv","乐视","pptv","PPTV","sohu","bilibili","哔哩哔哩","哔哩"]}},

{"name":"PRAWIX手动解析2","type":0,"url":"https://vip.parwix.com:4433/player/?url=","ext":{"header":{"User-Agent":"okhttp/4.1.0"},"flag":["qq","腾讯","qiyi","爱奇艺","奇艺","youku","优酷","mgtv","芒果","letv","乐视","pptv","PPTV","sohu","bilibili","哔哩哔哩","哔哩"]}},

{"name":"酷享","type":1,"url":"http://pandown.pro/app/kxjx.php?url=","ext":{"flag":["qq","腾讯","qiyi","爱奇艺","奇艺","youku","优酷","sohu","搜狐","letv","乐视","mgtv","芒果","CL4K","renrenmi","ltnb","bilibili","1905","xigua"]}},

{"name":"江湖","type":1,"url":"http://pandown.pro/app/ysmjx.php?url=","ext":{"flag":["qq","qiyi","mgtv","youku","letv","sohu","xigua","1905","优播线路","腾播线路"],"header":{"User-Agent":"Dart/2.14 (dart:io)"}}},

{"name":"左岸","type":1,"url":"http://110.42.2.115:880/analysis/json/?uid=2100&my=cqrtwyACDGLOXY0249&mgtv=app&url=","ext":{"flag":["qq","腾讯","qiyi","爱奇艺","奇艺","youku","优酷","sohu","搜狐","letv","乐视","mgtv","芒果","CL4K","renrenmi","ltnb","bilibili","1905","xigua"]}},

{ "name": "蓝狐", "type": 1, "url":" https://json.nhusp.cn/api/?key=54R5NpHXrscmMuXeXk&url="},

{"name":"keyu","type":1,"url":"http://newjiexi.gotka.top/keyu3.php?url=","ext":{"flag":["qq","腾讯","qiyi","爱奇艺","奇艺","youku","优酷","mgtv","芒果","letv","乐视","pptv","PPTV","sohu","bilibili","哔哩哔哩","哔哩"],"header":{"User-Agent":"okhttp/4.1.0"}}},

{ "name" : "nhusp", "type" : 1, "url" : "https://json.nhusp.cn/api/?key=54R5NpHXrscmMuXeXk&url=" ,"ext":{"flag":["qq","腾讯","qiyi","爱奇艺","奇艺","youku","优酷","mgtv","芒果","letv","乐视","pptv","PPTV","sohu","bilibili","哔哩哔哩","哔哩"],"header":{"User-Agent":"okhttp/4.1.0"}}},

{ "name" : "荣兴", "type" : 1, "url" : "http://jx.dygfsdy.com/home/api?type=ys&uid=129415&key=acdmoruwxCDEKPZ679&url=" },

{ "name" : "懒懒1", "type" : 1, "url" : "http://123.57.56.94:9931/lanlan/?url=" },

{ "name" : "懒懒2", "type" : 1, "url" : "http://lanlan.ckflv.cn/?url=", "ext" : { "flag" : [ "qiyi", "qq", "letv", "sohu", "youku", "mgtv", "bilibili", "wasu", "xigua", "1905"] } },

{"name":"能解","type": 1,"url": "http://jx.vipmv.co/json.php?token=123457&url=","ext": {"flag": ["rx", "ltnb", "renrenmi", "rongxing", "bilibili", "哔哩哔哩", "哔哩", "youku", "优酷", "qiyi", "爱奇艺", "奇艺", "qq", "腾讯", "mgtv", "芒果", "sohu", "搜狐", "letv", "乐视", "xigua", "CL4K", "西瓜"]}},

{"name":"萝莉","type": 1,"url": "http://chaloli.cn/home/api?type=ys&uid=1&key=ekloswzABCGHKLOT58&url=","ext": {"flag": ["rx", "ltnb", "renrenmi", "rongxing", "bilibili", "哔哩哔哩", "哔哩", "youku", "优酷", "qiyi", "爱奇艺", "奇艺", "qq", "腾讯", "mgtv", "芒果", "sohu", "搜狐", "letv", "乐视", "xigua", "CL4K", "西瓜"]}},

{"name":"直解","type":1,"url": "http://rxjx.kuanjv.com/allm3u8.php?url=","ext": {"flag": ["rx", "ltnb", "renrenmi", "rongxing", "bilibili", "哔哩哔哩", "哔哩", "youku", "优酷", "qiyi", "爱奇艺", "奇艺", "qq", "腾讯", "mgtv", "芒果", "sohu", "搜狐", "letv", "乐视", "xigua", "CL4K", "西瓜"]}},

{"name":"rxvip","type":1,"url": "https://vip.rongxingvr.top/api/?key=CwQXkIXGfaUNGVomez&url=","ext": {"flag": ["rx", "ltnb", "renrenmi", "rongxing", "bilibili", "哔哩哔哩", "哔哩", "youku", "优酷", "qiyi", "爱奇艺", "奇艺", "qq", "腾讯", "mgtv", "芒果", "sohu", "搜狐", "letv", "乐视", "xigua", "CL4K", "西瓜"]}},

{"name":"极速[①]","type":1,"url":" http://1.117.111.78:93/home/api?type=ys&uid=24751&key=mqsuvzEFHLMQRWXZ28&url=","ext":{"header":{"User-Agent":"okhttp/4.1.0"},"flag":["qq","腾讯","qiyi","爱奇艺","奇艺","youku","优酷","mgtv","芒果","letv","乐视","pptv","PPTV","sohu","bilibili","哔哩哔哩","哔哩"]}},

{"name": "测试[②]","type": 1,"url": "http://1.117.111.78:93/home/api?type=ys&uid=24751&key=demntvwzBCKLOPRSY3&url=","ext":{"header":{"User-Agent":"okhttp/4.1.0"},"flag":["qq","腾讯","qiyi","爱奇艺","奇艺","youku","优酷","mgtv","芒果","letv","乐视","pptv","PPTV","sohu","bilibili","哔哩哔哩","哔哩"]}},

{"name": "极速[②]","type": 1,"url": "https://play.fuqizhishi.com/juhe/API.php?appkey=caijijuhe220902&url="
},

{"name": "智能[①]","type": 1,"url": "http://211.99.99.236:4567/jhjson/ceshi.php?url=","ext":{"header":{"User-Agent":"okhttp/4.1.0"},"flag":["qq","腾讯","qiyi","爱奇艺","奇艺","youku","优酷","mgtv","芒果","letv","乐视","pptv","PPTV","sohu","bilibili","哔哩哔哩","哔哩"]}},

{"name": "智能[③]","type": 1,"url": "http://api.ckflv.cn/?url=","ext":{"header":{"User-Agent":"okhttp/4.1.0"},"flag":["qq","腾讯","qiyi","爱奇艺","奇艺","youku","优酷","mgtv","芒果","letv","乐视","pptv","PPTV","sohu","bilibili","哔哩哔哩","哔哩"]}},

{"name": "智能[④]","type": 1,"url": "https://json.freejx.in/?url=","ext":{"header":{"User-Agent":"okhttp/4.1.0"},"flag":["qq","腾讯","qiyi","爱奇艺","奇艺","youku","优酷","mgtv","芒果","letv","乐视","pptv","PPTV","sohu","bilibili","哔哩哔哩","哔哩"]}},

{"name": "备用[①]","type": 1,"url": "https://jx.255tv.cn/api/?key=ZMQ3AzFpKsCal5aoqa&url="},

{"name": "备用[②]","type": 1,"url": "https://k.json.icu/home/api?type=ys&uid=12523586&key=bhjlntBEIJKLPQW146&url="},

{"name": "备用[③]","type": 1,"url": "https://k.json.icu/home/api?type=ys&uid=13483004&key=cghjkqrsyKPRV12356&url="},

{"name": "rx2","type": 1,"url": "http://rxjx.kuanjv.com/allm3u8.php?url="},

{"name": "宝盒TV","type": 1,"url": "https://jx.52ruo.cc/json/?id=6&url="}
],


"rules":[
{"host":"*","rule":["default.365yg.com"]},
{"host":"dyxs20.com","rule":[".m3u8"]},
{"host":"www.agemys.cc","rule":["cdn-tos","obj/tos-cn"]},
{"host":"zjmiao.com","rule":["play.videomiao.vip/API.php","time="]},
{"host":"www.sharenice.net","rule":["http.*?/play.{0,3}\\?[^url]{2,8}=.*"]},
{"host":"www.sharenice.net","rule":["qianpailive.com","vid="]},
{"host":"*","rule":["douyin.com/aweme","video_id="]},
{"host":"*","rule":["huoshan.com","/item/video/"]},
{"host":"*","rule":["http((?!http).){12,}?\\.(m3u8|mp4|flv|avi|mkv|rm|wmv|mpg|m4a)\\?.*"]},
{"host":"*","rule":["http((?!http).){12,}\\.(m3u8|mp4|flv|avi|mkv|rm|wmv|mpg|m4a)"]}],



"flags":["imgo","youku","qq","iqiyi","qiyi","fun","letv","leshi","sohu","tudou","xigua","cntv","1905","pptv","mgtv","wasu","bilibili","renrenmi"
],
"hotSearch":[
{
"name":"mobilesearch",
"request":{
"method":"GET",
"header":[
{
"key":"Referer",
"value":"https://boxpy.once678.repl.co"
}
],
"url":{
"raw":"https://boxpy.once678.repl.co/hotsugg?t={time}"
}
},
"response":{
"result":"$.data",
"data":[
{
"key":"keyword",
"value":"title"
}
]
}
}
],
"sniffer":{
"userAgent":"Mozilla/5.0(WindowsNT10.0;Win64;x64)AppleWebKit/537.36(KHTML,likeGecko)Chrome/105.0.0.0Safari/537.36Edg/105.0.1343.27",
"isVideoFormat":"http((?!http).){26,}\\.(m3u8|mp4|flv|avi|mkv|wmv|mpg|mpeg|mov|ts|3gp|rm|rmvb|asf|m4a|mp3|wma)",
"custom":[
{
"url":"/Cloud/Down/AliCloud/",
"mimeType":"text/html",
"encoding":"utf-8",
"header":{
"Referer":"https://zxzj.vip/"
}
}
]
},

// 每日一言 (随机显示欢迎语)
"dairyWords":[
{
"name":"rating",
"request":{
"method":"GET",
"url":{
"raw":"https://saying.api.azwcl.com/saying/get"
}
},
"response":{
"result":"$.data.content"
},
"expires":"43200"
}
],

//首页推荐视频(IMDbPopularMovies)
"recommend":[{
"name":"imdb",
"request":{
"method":"GET",
"url":{
"raw":"https://imdb-api.com/en/API/MostPopularMovies/k_1kz039kt"
}
},
"response":{
"result":"$.items",
"data":[{
"key":"name",
"value":"title"
},
{
"key":"note",
"value":"imDbRating"
},
{
"key":"pic",
"value":"image"
}]
},
"expires":"86400"
}],

//首页推荐视频(豆瓣)
"recommend":[{
"name":"豆瓣推荐",
"request":{
"method":"GET",
"header":[{
"key":"Referer",
"value":"https://movie.douban.com/"
}],
"url":{
"raw":"https://movie.douban.com/j/new_search_subjects?sort=U&range=0,10&tags=&playable=1&start=0&year_range=2022,2022"
}
},
"response":{
"result":"$.data",
"data":[{
"key":"name",
"value":"title"
},
{
"key":"note",
"value":"rate"
},
{
"key":"pic",
"value":"cover"
}]
},
"expires":"86400"
}],

// 评分 (数据来自 豆瓣)
"rating":[{
"name":"rating",
"request":{
"method":"GET",
"url":{
"raw":"https://api.wmdb.tv/api/v1/movie/search?q={name}&limit=1"
}
},
"response":{
"result":"this",
"data":[{
"key":"rating",
"value":"doubanRating"
}]
}
}],

// 输入法智能联想接口
//"association":[],

// 中文分词接口
"pullWord":[{
"name":"pullWord",
"request":{
"method":"GET",
"url":{
"raw":"http://api.pullword.com/get.php?source={source}&param1=0&param2=0&json=1"
}
},
"response":{
"data":[{
"key":"keyword",
"value":"t"
}]
}
}],

// 字幕格式 (可选)
"subtitle":{"color":"#FFFFFF","size":"30"},

"dr_count":36,
"mode":0,
"ijk":[
{"group":"软解码","options":[
{"category":4,"name":"opensles","value":"0"},
{"category":4,"name":"overlay-format","value":"842225234"},
{"category":4,"name":"framedrop","value":"1"},
{"category":4,"name":"soundtouch","value":"1"},
{"category":4,"name":"start-on-prepared","value":"1"},
{"category":1,"name":"http-detect-range-support","value":"0"},
{"category":1,"name":"fflags","value":"fastseek"},
{"category":2,"name":"skip_loop_filter","value":"48"},
{"category":4,"name":"reconnect","value":"1"},
{"category":4,"name":"enable-accurate-seek","value":"0"},
{"category":4,"name":"mediacodec","value":"0"},
{"category":4,"name":"mediacodec-auto-rotate","value":"0"},
{"category":4,"name":"mediacodec-handle-resolution-change","value":"0"},
{"category":4,"name":"mediacodec-hevc","value":"0"},
{"category":1,"name":"dns_cache_timeout","value":"600000000"}
]},
{"group":"硬解码","options":[
{"category":4,"name":"opensles","value":"0"},
{"category":4,"name":"overlay-format","value":"842225234"},
{"category":4,"name":"framedrop","value":"1"},
{"category":4,"name":"soundtouch","value":"1"},
{"category":4,"name":"start-on-prepared","value":"1"},
{"category":1,"name":"http-detect-range-support","value":"0"},
{"category":1,"name":"fflags","value":"fastseek"},
{"category":2,"name":"skip_loop_filter","value":"48"},
{"category":4,"name":"reconnect","value":"1"},
{"category":4,"name":"enable-accurate-seek","value":"0"},
{"category":4,"name":"mediacodec","value":"1"},
{"category":4,"name":"mediacodec-auto-rotate","value":"1"},
{"category":4,"name":"mediacodec-handle-resolution-change","value":"1"},
{"category":4,"name":"mediacodec-hevc","value":"1"},
{"category":1,"name":"dns_cache_timeout","value":"600000000"}
]}
],
"ads":["mimg.0c1q0l.cn","www.googletagmanager.com","www.google-analytics.com","mc.usihnbcq.cn","mg.g1mm3d.cn","mscs.svaeuzh.cn","cnzz.hhttm.top","tp.vinuxhome.com","cnzz.mmstat.com","www.baihuillq.com","s23.cnzz.com","z3.cnzz.com","c.cnzz.com","stj.v1vo.top","z12.cnzz.com","img.mosflower.cn","tips.gamevvip.com","ehwe.yhdtns.com","xdn.cqqc3.com","www.jixunkyy.cn","sp.chemacid.cn","hm.baidu.com","s9.cnzz.com","z6.cnzz.com","um.cavuc.com","mav.mavuz.com","wofwk.aoidf3.com","z5.cnzz.com","xc.hubeijieshikj.cn","tj.tianwenhu.com","xg.gars57.cn","k.jinxiuzhilv.com","cdn.bootcss.com","ppl.xunzhuo123.com","xomk.jiangjunmh.top","img.xunzhuo123.com","z1.cnzz.com","s13.cnzz.com","xg.huataisangao.cn","z7.cnzz.com","xg.huataisangao.cn","z2.cnzz.com","s96.cnzz.com","q11.cnzz.com","thy.dacedsfa.cn","xg.whsbpw.cn","s19.cnzz.com","z8.cnzz.com","s4.cnzz.com","f5w.as12df.top","ae01.alicdn.com","www.92424.cn","k.wudejia.com","vivovip.mmszxc.top","qiu.xixiqiu.com","cdnjs.hnfenxun.com","cms.qdwght.com"]
}
