{
"spider":"clan://tvbox/jar/Yoursmile.jar",
"lives":[{"group":"redirect","channels":[{"name":"redirect","urls":["proxy://do=live&type=txt&ext=Y2xhbjovL3R2Ym94L3R2L2xpdmUudHh0"]}]}],
"wallpaper":"http://maoyingshi.cc/api.php",

"sites":[

{"key":"csp_xpath_饭团影视HD","name":"饭团影视HD(XPF)️","type":3,"api":"csp_XPathMacFilter","searchable":1,"quickSearch":1,"filterable":1,"ext":"clan://tvbox/xp/fantuan.json"},
{"key":"csp_xpath_yinfans","name":"音范丝4K(XP)","type":3,"api":"csp_XPath","searchable":1,"quickSearch":1,"filterable":0,"ext":"clan://tvbox/xp/yinfans.json"},
{"key":"csp_xpath_农民影视","name":"农民影视(XPF)️","type":3,"api":"csp_XPathMacFilter","searchable":1,"quickSearch":1,"filterable":1,"ext":"clan://tvbox/xp/nongminyingshi.json"},
{"key":"csp_xpath_zxzj","name":"在线之家(XPF)","type":3,"api":"csp_XPathFilter","searchable":1,"quickSearch":1,"filterable":1,"ext":"clan://tvbox/xp/zxzj.json"},
{"key":"csp_xpath_libvio","name":"LIBVIO(XPF)","type":3,"api":"csp_XPathMacFilter","searchable":1,"quickSearch":1,"filterable":1,"ext":"clan://tvbox/xp/libvio.json"},
{"key":"csp_xpath_cokemv","name":"COKEMV(XPF)️","type":3,"api":"csp_XPathMacFilter","searchable":1,"quickSearch":1,"filterable":1,"ext":"clan://tvbox/xp/cokemv.json"},
{"key":"csp_xpath_dadagui","name":"达达龟(XPF)️","type":3,"api":"csp_XPathMacFilter","searchable":1,"quickSearch":1,"filterable":1,"ext":"clan://tvbox/xp/dadagui.json"},
{"key":"csp_xpath_jbb","name":"剧白白(XPF)","type":3,"api":"csp_XPathMacFilter","searchable":1,"quickSearch":1,"filterable":1,"ext":"clan://tvbox/xp/jubaibai.json"},
{"key":"csp_xpath_bttwoo","name":"两个BT(XPF)","type":3,"api":"csp_XPathMacFilter","searchable":1,"quickSearch":1,"filterable":1,"ext":"clan://tvbox/xp/bttwoo.json"},
{"key":"csp_xpath_6d","name":"六度TV(XPF)","type":3,"api":"csp_XPathMacFilter","searchable":1,"quickSearch":1,"filterable":1,"ext":"clan://tvbox/xp/6d.json"},
{"key":"csp_xpath_94sm","name":"94神马(XP)","type":3,"api":"csp_XPath","searchable":1,"quickSearch":1,"filterable":0,"ext":"clan://tvbox/xp/94sm.json"},
{"key":"csp_xpath_saohuotv","name":"骚火影视(XP)","type":3,"api":"csp_XPath","searchable":1,"quickSearch":1,"filterable":0,"ext":"clan://tvbox/xp/saohuotv.json"},
{"key":"csp_xpath_zbkyy","name":"真不卡影院(XPF)️","type":3,"api":"csp_XPathMacFilter","searchable":1,"quickSearch":1,"filterable":1,"ext":"clan://tvbox/xp/zbkyy.json"},
{"key":"csp_xpath_czspp","name":"厂长资源(XPF)️","type":3,"api":"csp_XPathMacFilter","searchable":1,"quickSearch":1,"filterable":1,"ext":"clan://tvbox/xp/czspp.json"},
{"key":"csp_xpath_wanmeikk","name":"完美看看(XP)","type":3,"api":"csp_XPathMacFilter","searchable":1,"quickSearch":1,"filterable":0,"ext":"clan://tvbox/xp/wanmeikk.json"},
{"key":"csp_xpath_rttks","name":"人人影视(XP)","type":3,"api":"csp_XPath","searchable":1,"quickSearch":1,"filterable":0,"ext":"clan://tvbox/xp/rttks.json"},
{"key":"csp_xpath_vip1280","name":"VIP电影(XP)","type":3,"api":"csp_XPath","searchable":1,"quickSearch":1,"filterable":0,"ext":"clan://tvbox/xp/vip1280.json"},
{"key":"csp_xpath_tjyy","name":"奇优影院(XP)","type":3,"api":"csp_XPathMac","searchable":1,"quickSearch":1,"filterable":0,"ext":"clan://tvbox/xp/huigutongying.json"},
{"key":"csp_xpath_lezhutv","name":"乐猪TV(XPMac)","type":3,"api":"csp_XPathMac","searchable":1,"quickSearch":1,"filterable":0,"ext":"clan://tvbox/xp/lezhutv.json"},
{"key":"csp_xpath_jpys","name":"极品影视(XPF)","type":3,"api":"csp_XPathMacFilter","searchable":1,"quickSearch":1,"filterable":1,"ext":"clan://tvbox/xp/jpys.json"},
{"key":"csp_xpath_lranc","name":"天天影视(XPF)","type":3,"api":"csp_XPathMacFilter","searchable":1,"quickSearch":1,"filterable":1,"ext":"clan://tvbox/xp/lranc.json"},
{"key":"csp_xpath_maole","name":"喵乐影视(XPF)️","type":3,"api":"csp_XPathMacFilter","searchable":1,"quickSearch":1,"filterable":1,"ext":"clan://tvbox/xp/maole.json"},
{"key":"csp_xpath_xuangz","name":"尘落电影(XP)","type":3,"api":"csp_XPath","searchable":1,"quickSearch":1,"filterable":0,"ext":"clan://tvbox/xp/xuangz.json"},
{"key":"csp_xpath_qdytv","name":"米来影视(XP)","type":3,"api":"csp_XPath","searchable":1,"quickSearch":1,"filterable":0,"ext":"clan://tvbox/xp/qdytv.json"},
{"key":"csp_xpath_xqmi","name":"小强迷(XP)","type":3,"api":"csp_XPath","searchable":1,"quickSearch":1,"filterable":0,"ext":"clan://tvbox/xp/xqmi.json"},
{"key":"csp_xpath_135kan","name":"135看看(XP)","type":3,"api":"csp_XPath","searchable":1,"quickSearch":1,"filterable":0,"ext":"clan://tvbox/xp/135kan.json"},
{"key":"csp_xpath_miaomiao","name":"喵喵(XPF)","type":3,"api":"csp_XPathMacFilter","searchable":1,"quickSearch":1,"filterable":1,"ext":"clan://tvbox/xp/miaomiao.json"},
{"key":"csp_xpath_hyingku","name":"海影库(XPF)","type":3,"api":"csp_XPathMacFilter","searchable":1,"quickSearch":1,"filterable":1,"ext":"clan://tvbox/xp/hyingku.json"},
{"key":"csp_xpath_蚂蚁影视","name":"蚂蚁影视(XPF)️","type":3,"api":"csp_XPathMacFilter","searchable":1,"quickSearch":1,"filterable":1,"ext":"clan://tvbox/xp/myys.json"},
{"key":"csp_xpath_电影迷","name":"电影迷(XPF)️","type":3,"api":"csp_XPathMacFilter","searchable":1,"quickSearch":1,"filterable":1,"ext":"clan://tvbox/xp/dym8.json"},
{"key":"csp_xpath_meiju56","name":"美剧网(XPF)","type":3,"api":"csp_XPathFilter","searchable":1,"quickSearch":1,"filterable":1,"ext":"clan://tvbox/xp/meiju56.json"},
{"key":"csp_xpath_555dy","name":"555影视(XPF)","type":3,"api":"csp_XPathMacFilter","searchable":1,"quickSearch":1,"filterable":1,"ext":"clan://tvbox/xp/555dy.json"},
{"key":"csp_xpath_mp4dy","name":"mp4电影(XPF)","type":3,"api":"csp_XPathMacFilter","searchable":1,"quickSearch":1,"filterable":1,"ext":"clan://tvbox/xp/mp4dy.json"},
{"key":"csp_xpath_bidiys","name":"哔嘀影视(XP)","type":3,"api":"csp_XPath","searchable":1,"quickSearch":1,"filterable":0,"ext":"clan://tvbox/xp/bidiys.json"},
{"key":"csp_xpath_xfeiji","name":"小小影视(XP)","type":3,"api":"csp_XPath","searchable":1,"quickSearch":1,"filterable":0,"ext":"clan://tvbox/xp/xfeiji.json"},
{"key":"csp_xpath_dmd","name":"动漫岛(XPF)","type":3,"api":"csp_XPathMacFilter","searchable":1,"quickSearch":1,"filterable":1,"ext":"clan://tvbox/xp/dmd.json"},
{"key":"csp_xpath_dm84","name":"动漫巴士(XP)","type":3,"api":"csp_XPathFilter","searchable":1,"quickSearch":1,"filterable":0,"ext":"clan://tvbox/xp/dm84.json"}

],
"parses":[
{"name":"解析聚合","type":3,"url":"Demo"},
{"name":"Web聚合","type":3,"url":"Web"},
{"name":"Json并发","type":2,"url":"Parallel"},
{"name":"Json轮询","type":2,"url":"Sequence"},
{"name": "全能[①]","type": 0,"url": "https://jx.255tv.cn/api/?key=3t4CoYwM7x73KDaBAE&url="},

{"name": "全能[③]","type": 0,"url": "https://jx.zhanlangbu.com/?url=","ext":{"header":{"User-Agent":"okhttp/4.1.0"},"flag":["qq","腾讯","qiyi","爱奇艺","奇艺","youku","优酷","mgtv","芒果","letv","乐视","pptv","PPTV","sohu","bilibili","哔哩哔哩","哔哩"]}},

{"name":"鸿途手动解析","type":0,"url":"https://h5.freejson.xyz/player/?url=","ext":{"header":{"User-Agent":"okhttp/4.1.0"},"flag":["qq","腾讯","qiyi","爱奇艺","奇艺","youku","优酷","mgtv","芒果","letv","乐视","pptv","PPTV","sohu","bilibili","哔哩哔哩","哔哩"]}},

{"name":"鸿途手动解析2","type":0,"url":"https://h5.freejson.xyz/player/analysis.php?v=","ext":{"header":{"User-Agent":"okhttp/4.1.0"},"flag":["qq","腾讯","qiyi","爱奇艺","奇艺","youku","优酷","mgtv","芒果","letv","乐视","pptv","PPTV","sohu","bilibili","哔哩哔哩","哔哩"]}},

{"name":"PRAWIX手动解析","type":0,"url":"https://jx.bozrc.com:4433/player/?url=","ext":{"header":{"User-Agent":"okhttp/4.1.0"},"flag":["qq","腾讯","qiyi","爱奇艺","奇艺","youku","优酷","mgtv","芒果","letv","乐视","pptv","PPTV","sohu","bilibili","哔哩哔哩","哔哩"]}},

{"name":"PRAWIX手动解析2","type":0,"url":"https://vip.parwix.com:4433/player/?url=","ext":{"header":{"User-Agent":"okhttp/4.1.0"},"flag":["qq","腾讯","qiyi","爱奇艺","奇艺","youku","优酷","mgtv","芒果","letv","乐视","pptv","PPTV","sohu","bilibili","哔哩哔哩","哔哩"]}},

{"name":"酷享","type":1,"url":"http://pandown.pro/app/kxjx.php?url=","ext":{"flag":["qq","腾讯","qiyi","爱奇艺","奇艺","youku","优酷","sohu","搜狐","letv","乐视","mgtv","芒果","CL4K","renrenmi","ltnb","bilibili","1905","xigua"]}},

{"name":"江湖","type":1,"url":"http://pandown.pro/app/ysmjx.php?url=","ext":{"flag":["qq","qiyi","mgtv","youku","letv","sohu","xigua","1905","优播线路","腾播线路"],"header":{"User-Agent":"Dart/2.14 (dart:io)"}}},

{"name":"左岸","type":1,"url":"http://110.42.2.115:880/analysis/json/?uid=2100&my=cqrtwyACDGLOXY0249&mgtv=app&url=","ext":{"flag":["qq","腾讯","qiyi","爱奇艺","奇艺","youku","优酷","sohu","搜狐","letv","乐视","mgtv","芒果","CL4K","renrenmi","ltnb","bilibili","1905","xigua"]}},

{ "name": "蓝狐", "type": 1, "url":" https://json.nhusp.cn/api/?key=54R5NpHXrscmMuXeXk&url="},

{"name":"keyu","type":1,"url":"http://newjiexi.gotka.top/keyu3.php?url=","ext":{"flag":["qq","腾讯","qiyi","爱奇艺","奇艺","youku","优酷","mgtv","芒果","letv","乐视","pptv","PPTV","sohu","bilibili","哔哩哔哩","哔哩"],"header":{"User-Agent":"okhttp/4.1.0"}}},

{ "name" : "nhusp", "type" : 1, "url" : "https://json.nhusp.cn/api/?key=54R5NpHXrscmMuXeXk&url=" ,"ext":{"flag":["qq","腾讯","qiyi","爱奇艺","奇艺","youku","优酷","mgtv","芒果","letv","乐视","pptv","PPTV","sohu","bilibili","哔哩哔哩","哔哩"],"header":{"User-Agent":"okhttp/4.1.0"}}},

{ "name" : "荣兴", "type" : 1, "url" : "http://jx.dygfsdy.com/home/api?type=ys&uid=129415&key=acdmoruwxCDEKPZ679&url=" },

{ "name" : "懒懒1", "type" : 1, "url" : "http://123.57.56.94:9931/lanlan/?url=" },

{ "name" : "懒懒2", "type" : 1, "url" : "http://lanlan.ckflv.cn/?url=", "ext" : { "flag" : [ "qiyi", "qq", "letv", "sohu", "youku", "mgtv", "bilibili", "wasu", "xigua", "1905"] } },

{"name":"能解","type": 1,"url": "http://jx.vipmv.co/json.php?token=123457&url=","ext": {"flag": ["rx", "ltnb", "renrenmi", "rongxing", "bilibili", "哔哩哔哩", "哔哩", "youku", "优酷", "qiyi", "爱奇艺", "奇艺", "qq", "腾讯", "mgtv", "芒果", "sohu", "搜狐", "letv", "乐视", "xigua", "CL4K", "西瓜"]}},

{"name":"萝莉","type": 1,"url": "http://chaloli.cn/home/api?type=ys&uid=1&key=ekloswzABCGHKLOT58&url=","ext": {"flag": ["rx", "ltnb", "renrenmi", "rongxing", "bilibili", "哔哩哔哩", "哔哩", "youku", "优酷", "qiyi", "爱奇艺", "奇艺", "qq", "腾讯", "mgtv", "芒果", "sohu", "搜狐", "letv", "乐视", "xigua", "CL4K", "西瓜"]}},

{"name":"直解","type":1,"url": "http://rxjx.kuanjv.com/allm3u8.php?url=","ext": {"flag": ["rx", "ltnb", "renrenmi", "rongxing", "bilibili", "哔哩哔哩", "哔哩", "youku", "优酷", "qiyi", "爱奇艺", "奇艺", "qq", "腾讯", "mgtv", "芒果", "sohu", "搜狐", "letv", "乐视", "xigua", "CL4K", "西瓜"]}},

{"name":"rxvip","type":1,"url": "https://vip.rongxingvr.top/api/?key=CwQXkIXGfaUNGVomez&url=","ext": {"flag": ["rx", "ltnb", "renrenmi", "rongxing", "bilibili", "哔哩哔哩", "哔哩", "youku", "优酷", "qiyi", "爱奇艺", "奇艺", "qq", "腾讯", "mgtv", "芒果", "sohu", "搜狐", "letv", "乐视", "xigua", "CL4K", "西瓜"]}},

{"name":"极速[①]","type":1,"url":" http://1.117.111.78:93/home/api?type=ys&uid=24751&key=mqsuvzEFHLMQRWXZ28&url=","ext":{"header":{"User-Agent":"okhttp/4.1.0"},"flag":["qq","腾讯","qiyi","爱奇艺","奇艺","youku","优酷","mgtv","芒果","letv","乐视","pptv","PPTV","sohu","bilibili","哔哩哔哩","哔哩"]}},

{"name": "测试[②]","type": 1,"url": "http://1.117.111.78:93/home/api?type=ys&uid=24751&key=demntvwzBCKLOPRSY3&url=","ext":{"header":{"User-Agent":"okhttp/4.1.0"},"flag":["qq","腾讯","qiyi","爱奇艺","奇艺","youku","优酷","mgtv","芒果","letv","乐视","pptv","PPTV","sohu","bilibili","哔哩哔哩","哔哩"]}},

{"name": "极速[②]","type": 1,"url": "https://play.fuqizhishi.com/juhe/API.php?appkey=caijijuhe220902&url="
},

{"name": "智能[①]","type": 1,"url": "http://211.99.99.236:4567/jhjson/ceshi.php?url=","ext":{"header":{"User-Agent":"okhttp/4.1.0"},"flag":["qq","腾讯","qiyi","爱奇艺","奇艺","youku","优酷","mgtv","芒果","letv","乐视","pptv","PPTV","sohu","bilibili","哔哩哔哩","哔哩"]}},

{"name": "智能[③]","type": 1,"url": "http://api.ckflv.cn/?url=","ext":{"header":{"User-Agent":"okhttp/4.1.0"},"flag":["qq","腾讯","qiyi","爱奇艺","奇艺","youku","优酷","mgtv","芒果","letv","乐视","pptv","PPTV","sohu","bilibili","哔哩哔哩","哔哩"]}},

{"name": "智能[④]","type": 1,"url": "https://json.freejx.in/?url=","ext":{"header":{"User-Agent":"okhttp/4.1.0"},"flag":["qq","腾讯","qiyi","爱奇艺","奇艺","youku","优酷","mgtv","芒果","letv","乐视","pptv","PPTV","sohu","bilibili","哔哩哔哩","哔哩"]}},

{"name": "备用[①]","type": 1,"url": "https://jx.255tv.cn/api/?key=ZMQ3AzFpKsCal5aoqa&url="},

{"name": "备用[②]","type": 1,"url": "https://k.json.icu/home/api?type=ys&uid=12523586&key=bhjlntBEIJKLPQW146&url="},

{"name": "备用[③]","type": 1,"url": "https://k.json.icu/home/api?type=ys&uid=13483004&key=cghjkqrsyKPRV12356&url="},

{"name": "rx2","type": 1,"url": "http://rxjx.kuanjv.com/allm3u8.php?url="},

{"name": "宝盒TV","type": 1,"url": "https://jx.52ruo.cc/json/?id=6&url="}
],


"rules":[
{
"host":"www.djuu.com",
"rule":[
"mp4.djuu.com",
"m4a"]
},
{
"host":"m.ysxs8.vip",
"rule":[
"ysting.ysxs8.vip:81",
"xmcdn.com"],
"filter":[
]
},
{
"host":"hdmoli.com",
"rule":[
".m3u8"]
},
{
"host":"https://api.live.bilibili.com",
"rule":[
"bilivideo.com",
"/index.m3u8"],
"filter":[
"data.bilibili.com/log/web",
"i0.hdslb.com/bfs/live/"]
},
{
"host":"www.agemys.cc",
"rule":[
"cdn-tos",
"obj/tos-cn"]
},
{
"host":"www.fun4k.com",
"rule":[
"https://hd.ijycnd.com/play",
"index.m3u8"]
},
{
"host":"zjmiao.com",
"rule":[
"play.videomiao.vip/API.php",
"time=",
"key=",
"path="]
},
{
"host":"*",
"rule":[
"default.365yg.com"]
},
{
"host":"dyxs20.com",
"rule":[
".m3u8"]
},
{
"host":"www.sharenice.net",
"rule":[
"http.*?/play.{0,3}\\?[^url]{2,8}=.*"]
},
{
"host":"www.sharenice.net",
"rule":[
"sovv.qianpailive.com",
"vid="],
"filter":[
]
},
{
"host":"www.sharenice.net",
"rule":[
"qianpailive.com",
"vid="]
},
{
"host":"www.sharenice.net",
"rule":[
"douyin.com",
"/play/"]
},
{
"host":"*",
"rule":[
"douyin.com/aweme",
"video_id="]
},
{
"host":"www.sharenice.net",
"rule":[
"huoshan.com",
"/item/video/"],
"filter":[
]
},
{
"host":"*",
"rule":[
"http((?!http).){12,}?\\.(m3u8|mp4|flv|avi|mkv|rm|wmv|mpg|m4a)\\?.*"]
},
{
"host":"*",
"rule":[
"http((?!http).){12,}\\.(m3u8|mp4|flv|avi|mkv|rm|wmv|mpg|m4a)"]
}
],


"flags":["imgo","youku","qq","iqiyi","qiyi","fun","letv","leshi","sohu","tudou","xigua","cntv","1905","pptv","mgtv","wasu","bilibili","renrenmi"
],
"hotSearch":[
{
"name":"mobilesearch",
"request":{
"method":"GET",
"header":[
{
"key":"Referer",
"value":"https://boxpy.once678.repl.co"
}
],
"url":{
"raw":"https://boxpy.once678.repl.co/hotsugg?t={time}"
}
},
"response":{
"result":"$.data",
"data":[
{
"key":"keyword",
"value":"title"
}
]
}
}
],
"sniffer":{
"userAgent":"Mozilla/5.0(WindowsNT10.0;Win64;x64)AppleWebKit/537.36(KHTML,likeGecko)Chrome/105.0.0.0Safari/537.36Edg/105.0.1343.27",
"isVideoFormat":"http((?!http).){26,}\\.(m3u8|mp4|flv|avi|mkv|wmv|mpg|mpeg|mov|ts|3gp|rm|rmvb|asf|m4a|mp3|wma)",
"custom":[
{
"url":"/Cloud/Down/AliCloud/",
"mimeType":"text/html",
"encoding":"utf-8",
"header":{
"Referer":"https://zxzj.vip/"
}
}
]
},

// 每日一言 (随机显示欢迎语)
"dairyWords":[
{
"name":"rating",
"request":{
"method":"GET",
"url":{
"raw":"https://saying.api.azwcl.com/saying/get"
}
},
"response":{
"result":"$.data.content"
},
"expires":"43200"
}
],

//首页推荐视频(IMDbPopularMovies)
"recommend":[{
"name":"imdb",
"request":{
"method":"GET",
"url":{
"raw":"https://imdb-api.com/en/API/MostPopularMovies/k_1kz039kt"
}
},
"response":{
"result":"$.items",
"data":[{
"key":"name",
"value":"title"
},
{
"key":"note",
"value":"imDbRating"
},
{
"key":"pic",
"value":"image"
}]
},
"expires":"86400"
}],

//首页推荐视频(豆瓣)
"recommend":[{
"name":"豆瓣推荐",
"request":{
"method":"GET",
"header":[{
"key":"Referer",
"value":"https://movie.douban.com/"
}],
"url":{
"raw":"https://movie.douban.com/j/new_search_subjects?sort=U&range=0,10&tags=&playable=1&start=0&year_range=2022,2022"
}
},
"response":{
"result":"$.data",
"data":[{
"key":"name",
"value":"title"
},
{
"key":"note",
"value":"rate"
},
{
"key":"pic",
"value":"cover"
}]
},
"expires":"86400"
}],

// 评分 (数据来自 豆瓣)
"rating":[{
"name":"rating",
"request":{
"method":"GET",
"url":{
"raw":"https://api.wmdb.tv/api/v1/movie/search?q={name}&limit=1"
}
},
"response":{
"result":"this",
"data":[{
"key":"rating",
"value":"doubanRating"
}]
}
}],

// 输入法智能联想接口
//"association":[],

// 中文分词接口
"pullWord":[{
"name":"pullWord",
"request":{
"method":"GET",
"url":{
"raw":"http://api.pullword.com/get.php?source={source}&param1=0&param2=0&json=1"
}
},
"response":{
"data":[{
"key":"keyword",
"value":"t"
}]
}
}],

// 字幕格式 (可选)
"subtitle":{"color":"#FFFFFF","size":"30"},

"dr_count":36,
"mode":0,
"ijk":[
{"group":"软解码","options":[
{"category":4,"name":"opensles","value":"0"},
{"category":4,"name":"overlay-format","value":"842225234"},
{"category":4,"name":"framedrop","value":"1"},
{"category":4,"name":"soundtouch","value":"1"},
{"category":4,"name":"start-on-prepared","value":"1"},
{"category":1,"name":"http-detect-range-support","value":"0"},
{"category":1,"name":"fflags","value":"fastseek"},
{"category":2,"name":"skip_loop_filter","value":"48"},
{"category":4,"name":"reconnect","value":"1"},
{"category":4,"name":"enable-accurate-seek","value":"0"},
{"category":4,"name":"mediacodec","value":"0"},
{"category":4,"name":"mediacodec-auto-rotate","value":"0"},
{"category":4,"name":"mediacodec-handle-resolution-change","value":"0"},
{"category":4,"name":"mediacodec-hevc","value":"0"},
{"category":1,"name":"dns_cache_timeout","value":"600000000"}
]},
{"group":"硬解码","options":[
{"category":4,"name":"opensles","value":"0"},
{"category":4,"name":"overlay-format","value":"842225234"},
{"category":4,"name":"framedrop","value":"1"},
{"category":4,"name":"soundtouch","value":"1"},
{"category":4,"name":"start-on-prepared","value":"1"},
{"category":1,"name":"http-detect-range-support","value":"0"},
{"category":1,"name":"fflags","value":"fastseek"},
{"category":2,"name":"skip_loop_filter","value":"48"},
{"category":4,"name":"reconnect","value":"1"},
{"category":4,"name":"enable-accurate-seek","value":"0"},
{"category":4,"name":"mediacodec","value":"1"},
{"category":4,"name":"mediacodec-auto-rotate","value":"1"},
{"category":4,"name":"mediacodec-handle-resolution-change","value":"1"},
{"category":4,"name":"mediacodec-hevc","value":"1"},
{"category":1,"name":"dns_cache_timeout","value":"600000000"}
]}
],
"ads":["mimg.0c1q0l.cn","www.googletagmanager.com","www.google-analytics.com","mc.usihnbcq.cn","mg.g1mm3d.cn","mscs.svaeuzh.cn","cnzz.hhttm.top","tp.vinuxhome.com","cnzz.mmstat.com","www.baihuillq.com","s23.cnzz.com","z3.cnzz.com","c.cnzz.com","stj.v1vo.top","z12.cnzz.com","img.mosflower.cn","tips.gamevvip.com","ehwe.yhdtns.com","xdn.cqqc3.com","www.jixunkyy.cn","sp.chemacid.cn","hm.baidu.com","s9.cnzz.com","z6.cnzz.com","um.cavuc.com","mav.mavuz.com","wofwk.aoidf3.com","z5.cnzz.com","xc.hubeijieshikj.cn","tj.tianwenhu.com","xg.gars57.cn","k.jinxiuzhilv.com","cdn.bootcss.com","ppl.xunzhuo123.com","xomk.jiangjunmh.top","img.xunzhuo123.com","z1.cnzz.com","s13.cnzz.com","xg.huataisangao.cn","z7.cnzz.com","xg.huataisangao.cn","z2.cnzz.com","s96.cnzz.com","q11.cnzz.com","thy.dacedsfa.cn","xg.whsbpw.cn","s19.cnzz.com","z8.cnzz.com","s4.cnzz.com","f5w.as12df.top","ae01.alicdn.com","www.92424.cn","k.wudejia.com","vivovip.mmszxc.top","qiu.xixiqiu.com","cdnjs.hnfenxun.com","cms.qdwght.com"]
}