{
"spider":"clan://tvbox/jar/Yoursmile.jar",
"lives":[{"group":"redirect","channels":[{"name":"redirect","urls":["proxy://do=live&type=txt&ext=Y2xhbjovL3R2Ym94L3R2L2xpdmUudHh0"]}]}],
"wallpaper":"http://maoyingshi.cc/api.php",

"sites":[

{"key":"csp_XYQBiu_万能影视","name":"万能影视(XYQ)","type":3,"api":"csp_XYQBiu","searchable":1,"quickSearch":1,"filterable":0,"ext":"clan://tvbox/xyq/万能影视.json"},

{"key":"csp_XYQBiu_凌云影视","name":"凌云影视(XYQ)","type":3,"api":"csp_XYQBiu","searchable":1,"quickSearch":1,"filterable":0,"ext":"clan://tvbox/xyq/凌云影视.json"},
{"key":"csp_XYQBiu_555影视","name":"555影视(XYQ)","type":3,"api":"csp_XYQBiu","searchable":1,"quickSearch":1,"filterable":0,"ext":"clan://tvbox/xyq/555影视.json"},
{"key":"csp_XYQBiu_大米星球","name":"大米星球(XYQ)","type":3,"api":"csp_XYQBiu","searchable":1,"quickSearch":1,"filterable":0,"ext":"clan://tvbox/xyq/大米星球.json"},
{"key":"csp_XYQBiu_影视工厂","name":"影视工厂(XYQ)","type":3,"api":"csp_XYQBiu","searchable":1,"quickSearch":1,"filterable":0,"ext":"clan://tvbox/xyq/影视工厂.json"},
{"key":"csp_XYQBiu_片吧影院","name":"片吧影院(XYQ)","type":3,"api":"csp_XYQBiu","searchable":1,"quickSearch":1,"filterable":0,"ext":"clan://tvbox/xyq/片吧影院.json"},
{"key":"csp_XYQBiu_vofix","name":"VOFIX(XYQ)","type":3,"api":"csp_XYQBiu","searchable":1,"quickSearch":1,"filterable":0,"ext":"clan://tvbox/xyq/vofix.json"},
{"key":"csp_XYQBiu_莫扎兔","name":"莫扎兔(XYQ)","type":3,"api":"csp_XYQBiu","searchable":1,"quickSearch":1,"filterable":0,"ext":"clan://tvbox/xyq/莫扎兔.json"},
{"key":"csp_XYQBiu_聚合电影","name":"聚合电影(XYQ)","type":3,"api":"csp_XYQBiu","searchable":1,"quickSearch":1,"filterable":0,"ext":"clan://tvbox/xyq/聚合电影.json"},
{"key":"csp_XYQBiu_剧荒","name":"剧荒TV(XYQ)","type":3,"api":"csp_XYQBiu","searchable":1,"quickSearch":1,"filterable":0,"ext":"clan://tvbox/xyq/剧荒.json"},
{"key":"csp_XYQ_动视影视","name":"动视影视(XYQ)","type":3,"api":"csp_XYQBiu","searchable":1,"quickSearch":1,"filterable":0,"ext":"clan://tvbox/xyq/动视影视.json"},
{"key":"csp_XYQBiu_斗鱼直播","name":"斗鱼直播(XYQ)","type":3,"api":"csp_XYQBiu","searchable":1,"quickSearch":1,"filterable":0,"ext":"clan://tvbox/xyq/斗鱼直播.json"},
{"key":"csp_XYQBiu_虎牙直播","name":"虎牙直播(XYQ)","type":3,"api":"csp_XYQBiu","searchable":1,"quickSearch":1,"filterable":0,"ext":"clan://tvbox/xyq/虎牙直播.json"},
{"key":"csp_XYQBiu_网易CC直播","name":"网易CC直播(XYQ)","type":3,"api":"csp_XYQBiu","searchable":1,"quickSearch":1,"filterable":0,"ext":"clan://tvbox/xyq/网易CC直播.json"},
{"key":"csp_XYQBiu_17klive","name":"体育直播(XYQ)","type":3,"api":"csp_XYQBiu","searchable":1,"quickSearch":1,"filterable":0,"ext":"clan://tvbox/xyq/17klive.json"},
{"key":"csp_XYQBiu_萌番组","name":"萌番组(XYQ)","type":3,"api":"csp_XYQBiu","searchable":1,"quickSearch":1,"filterable":0,"ext":"clan://tvbox/xyq/萌番组.json"},
{"key":"csp_XYQBiu_酷狗MV","name":"酷狗MV(XYQ)","type":3,"api":"csp_XYQBiu","searchable":1,"quickSearch":1,"filterable":0,"ext":"clan://tvbox/xyq/酷狗MV.json"},
{"key":"csp_XYQBiu_酷奇MV","name":"酷奇MV(XYQ)","type":3,"api":"csp_XYQBiu","searchable":1,"quickSearch":1,"filterable":0,"ext":"clan://tvbox/xyq/酷奇MV.json"},
{"key":"csp_XYQBiu_好恐怖磁力","name":"好恐怖磁力(XYQ)","type":3,"api":"csp_XYQBiu","searchable":1,"quickSearch":1,"filterable":0,"ext":"clan://tvbox/xyq/好恐怖磁力.json"}
],
"parses":[
{"name":"解析聚合","type":3,"url":"Demo"},
{"name":"Json并发","type":2,"url":"Parallel"},
{"name":"Json轮询","type":2,"url":"Sequence"},
{"name":"鸿途手动解析","type":0,"url":"https://h5.freejson.xyz/player/?url=","ext":{"header":{"User-Agent":"okhttp/4.1.0"},"flag":["qq","腾讯","qiyi","爱奇艺","奇艺","youku","优酷","mgtv","芒果","letv","乐视","pptv","PPTV","sohu","bilibili","哔哩哔哩","哔哩"]}},
{"name":"鸿途手动解析2","type":0,"url":"https://h5.freejson.xyz/player/analysis.php?v=","ext":{"header":{"User-Agent":"okhttp/4.1.0"},"flag":["qq","腾讯","qiyi","爱奇艺","奇艺","youku","优酷","mgtv","芒果","letv","乐视","pptv","PPTV","sohu","bilibili","哔哩哔哩","哔哩"]}},
{"name":"PRAWIX手动解析","type":0,"url":"https://jx.bozrc.com:4433/player/?url=","ext":{"header":{"User-Agent":"okhttp/4.1.0"},"flag":["qq","腾讯","qiyi","爱奇艺","奇艺","youku","优酷","mgtv","芒果","letv","乐视","pptv","PPTV","sohu","bilibili","哔哩哔哩","哔哩"]}},
{"name":"PRAWIX手动解析2","type":0,"url":"https://vip.parwix.com:4433/player/?url=","ext":{"header":{"User-Agent":"okhttp/4.1.0"},"flag":["qq","腾讯","qiyi","爱奇艺","奇艺","youku","优酷","mgtv","芒果","letv","乐视","pptv","PPTV","sohu","bilibili","哔哩哔哩","哔哩"]}},

{"name":"云星","type":1,"url":"http://chaloli.cn/home/api?type=ys&uid=1&key=ekloswzABCGHKLOT58&url="},

{"name":"KEYU3","type":1,"url":"http://newjiexi.gotka.top/keyu3.php?url=","ext":{"header":{"User-Agent":"okhttp/4.1.0"},"flag":["qq","腾讯","qiyi","爱奇艺","奇艺","youku","优酷","mgtv","芒果","letv","乐视","pptv","PPTV","sohu","bilibili","哔哩哔哩","哔哩"]}},

{"name":"融兴","type":1,"url":"https://svip.rongxingvr.top/api/?key=4gb6ui9qfap4kLrvb2&url=","ext":{"flag":["qiyi","iqiyi","奇艺","爱奇艺","qq","腾讯","youku","优酷","pptv","PPTV","letv","乐视","bilibili","哔哩哔哩","哔哩","mgtv","芒果","xigua","西瓜","sohu","搜狐","cntv","cctv","央视","1905","m1905"]}}, 
{"name":"猫咪","type":1,"url":"http://api.xiaomaomi.tv/home/api?type=ys&uid=8728968&key=cdkmqvyzFIJPRT2349&url=","ext":{"flag":["qiyi","iqiyi","奇艺","爱奇艺","qq","腾讯","youku","优酷","pptv","PPTV","letv","乐视","bilibili","哔哩哔哩","哔哩","mgtv","芒果","xigua","西瓜","sohu","搜狐","cntv","cctv","央视","1905","m1905"]}}, 
{"name":"觅知解析","type":1,"url":"https://jx.255tv.cn/api/?key=CEh6MHLzfgVrKJtjL7&url="},
{"name":"KEYU3","type":1,"url":"http://newjiexi.gotka.top/keyu3.php?url=","ext":{"header":{"User-Agent":"okhttp/4.1.0"},"flag":["qq","腾讯","qiyi","爱奇艺","奇艺","youku","优酷","mgtv","芒果","letv","乐视","pptv","PPTV","sohu","bilibili","哔哩哔哩","哔哩"]}},

{"name":"备用[①]","type":1,"url":"https://jx.255tv.cn/api/?key=ZMQ3AzFpKsCal5aoqa&url="},
{"name":"备用[②]","type":1,"url":"https://k.json.icu/home/api?type=ys&uid=12523586&key=bhjlntBEIJKLPQW146&url="},
{"name":"备用[③]","type":1,"url":"https://k.json.icu/home/api?type=ys&uid=13483004&key=cghjkqrsyKPRV12356&url="},

{"name":"GGTV自用","type":1,"url":"https://play.fuqizhishi.com/jx1/API.php?appkey=ixiaobai&url="},
{"name":"GGTV搜集","type":1,"url":"https://play.fuqizhishi.com/juhe/API.php?appkey=caijijuhe220902&url="},
{"name":"智能[④]","type":1,"url":"https://json.freejx.in/?url=","ext":{"header":{"User-Agent":"okhttp/4.1.0"},"flag":["qq","腾讯","qiyi","爱奇艺","奇艺","youku","优酷","mgtv","芒果","letv","乐视","pptv","PPTV","sohu","bilibili","哔哩哔哩","哔哩"]}},


{"name":"江湖解析","type":1,"url":"http://211.99.99.236:4567/jhjson/ceshi.php?url=","ext":{"header":{"User-Agent":"okhttp/4.1.0"},"flag":["qq","腾讯","qiyi","爱奇艺","奇艺","youku","优酷","mgtv","芒果","letv","乐视","pptv","PPTV","sohu","bilibili","哔哩哔哩","哔哩"]}},
{"name":"智能[③]","type":1,"url":"http://api.ckflv.cn/?url=","ext":{"header":{"User-Agent":"okhttp/4.1.0"},"flag":["qq","腾讯","qiyi","爱奇艺","奇艺","youku","优酷","mgtv","芒果","letv","乐视","pptv","PPTV","sohu","bilibili","哔哩哔哩","哔哩"]}},

{"name":"爱酷手动解析","type":0,"url":"https://jx.zhanlangbu.com/?url=","ext":{"header":{"User-Agent":"okhttp/4.1.0"},"flag":["qq","腾讯","qiyi","爱奇艺","奇艺","youku","优酷","mgtv","芒果","letv","乐视","pptv","PPTV","sohu","bilibili","哔哩哔哩","哔哩"]}}
],


"flags":["imgo","youku","qq","iqiyi","qiyi","fun","letv","leshi","sohu","tudou","xigua","cntv","1905","pptv","mgtv","wasu","bilibili","renrenmi"
],
"hotSearch":[
{
"name":"mobilesearch",
"request":{
"method":"GET",
"header":[
{
"key":"Referer",
"value":"https://boxpy.once678.repl.co"
}
],
"url":{
"raw":"https://boxpy.once678.repl.co/hotsugg?t={time}"
}
},
"response":{
"result":"$.data",
"data":[
{
"key":"keyword",
"value":"title"
}
]
}
}
],
"sniffer":{
"userAgent":"Mozilla/5.0(WindowsNT10.0;Win64;x64)AppleWebKit/537.36(KHTML,likeGecko)Chrome/105.0.0.0Safari/537.36Edg/105.0.1343.27",
"isVideoFormat":"http((?!http).){26,}\\.(m3u8|mp4|flv|avi|mkv|wmv|mpg|mpeg|mov|ts|3gp|rm|rmvb|asf|m4a|mp3|wma)",
"custom":[
{
"url":"/Cloud/Down/AliCloud/",
"mimeType":"text/html",
"encoding":"utf-8",
"header":{
"Referer":"https://zxzj.vip/"
}
}
]
},

// 每日一言 (随机显示欢迎语)
"dairyWords":[
{
"name":"rating",
"request":{
"method":"GET",
"url":{
"raw":"https://saying.api.azwcl.com/saying/get"
}
},
"response":{
"result":"$.data.content"
},
"expires":"43200"
}
],

//首页推荐视频(IMDbPopularMovies)
"recommend":[{
"name":"imdb",
"request":{
"method":"GET",
"url":{
"raw":"https://imdb-api.com/en/API/MostPopularMovies/k_1kz039kt"
}
},
"response":{
"result":"$.items",
"data":[{
"key":"name",
"value":"title"
},
{
"key":"note",
"value":"imDbRating"
},
{
"key":"pic",
"value":"image"
}]
},
"expires":"86400"
}],

//首页推荐视频(豆瓣)
"recommend":[{
"name":"豆瓣推荐",
"request":{
"method":"GET",
"header":[{
"key":"Referer",
"value":"https://movie.douban.com/"
}],
"url":{
"raw":"https://movie.douban.com/j/new_search_subjects?sort=U&range=0,10&tags=&playable=1&start=0&year_range=2022,2022"
}
},
"response":{
"result":"$.data",
"data":[{
"key":"name",
"value":"title"
},
{
"key":"note",
"value":"rate"
},
{
"key":"pic",
"value":"cover"
}]
},
"expires":"86400"
}],

// 评分 (数据来自 豆瓣)
"rating":[{
"name":"rating",
"request":{
"method":"GET",
"url":{
"raw":"https://api.wmdb.tv/api/v1/movie/search?q={name}&limit=1"
}
},
"response":{
"result":"this",
"data":[{
"key":"rating",
"value":"doubanRating"
}]
}
}],

// 输入法智能联想接口
//"association":[],

// 中文分词接口
"pullWord":[{
"name":"pullWord",
"request":{
"method":"GET",
"url":{
"raw":"http://api.pullword.com/get.php?source={source}&param1=0&param2=0&json=1"
}
},
"response":{
"data":[{
"key":"keyword",
"value":"t"
}]
}
}],

// 字幕格式 (可选)
"subtitle":{"color":"#FFFFFF","size":"30"},

"dr_count":36,
"mode":0,
"ijk":[
{"group":"软解码","options":[
{"category":4,"name":"opensles","value":"0"},
{"category":4,"name":"overlay-format","value":"842225234"},
{"category":4,"name":"framedrop","value":"1"},
{"category":4,"name":"soundtouch","value":"1"},
{"category":4,"name":"start-on-prepared","value":"1"},
{"category":1,"name":"http-detect-range-support","value":"0"},
{"category":1,"name":"fflags","value":"fastseek"},
{"category":2,"name":"skip_loop_filter","value":"48"},
{"category":4,"name":"reconnect","value":"1"},
{"category":4,"name":"enable-accurate-seek","value":"0"},
{"category":4,"name":"mediacodec","value":"0"},
{"category":4,"name":"mediacodec-auto-rotate","value":"0"},
{"category":4,"name":"mediacodec-handle-resolution-change","value":"0"},
{"category":4,"name":"mediacodec-hevc","value":"0"},
{"category":1,"name":"dns_cache_timeout","value":"600000000"}
]},
{"group":"硬解码","options":[
{"category":4,"name":"opensles","value":"0"},
{"category":4,"name":"overlay-format","value":"842225234"},
{"category":4,"name":"framedrop","value":"1"},
{"category":4,"name":"soundtouch","value":"1"},
{"category":4,"name":"start-on-prepared","value":"1"},
{"category":1,"name":"http-detect-range-support","value":"0"},
{"category":1,"name":"fflags","value":"fastseek"},
{"category":2,"name":"skip_loop_filter","value":"48"},
{"category":4,"name":"reconnect","value":"1"},
{"category":4,"name":"enable-accurate-seek","value":"0"},
{"category":4,"name":"mediacodec","value":"1"},
{"category":4,"name":"mediacodec-auto-rotate","value":"1"},
{"category":4,"name":"mediacodec-handle-resolution-change","value":"1"},
{"category":4,"name":"mediacodec-hevc","value":"1"},
{"category":1,"name":"dns_cache_timeout","value":"600000000"}
]}
],
"ads":["mimg.0c1q0l.cn","www.googletagmanager.com","www.google-analytics.com","mc.usihnbcq.cn","mg.g1mm3d.cn","mscs.svaeuzh.cn","cnzz.hhttm.top","tp.vinuxhome.com","cnzz.mmstat.com","www.baihuillq.com","s23.cnzz.com","z3.cnzz.com","c.cnzz.com","stj.v1vo.top","z12.cnzz.com","img.mosflower.cn","tips.gamevvip.com","ehwe.yhdtns.com","xdn.cqqc3.com","www.jixunkyy.cn","sp.chemacid.cn","hm.baidu.com","s9.cnzz.com","z6.cnzz.com","um.cavuc.com","mav.mavuz.com","wofwk.aoidf3.com","z5.cnzz.com","xc.hubeijieshikj.cn","tj.tianwenhu.com","xg.gars57.cn","k.jinxiuzhilv.com","cdn.bootcss.com","ppl.xunzhuo123.com","xomk.jiangjunmh.top","img.xunzhuo123.com","z1.cnzz.com","s13.cnzz.com","xg.huataisangao.cn","z7.cnzz.com","xg.huataisangao.cn","z2.cnzz.com","s96.cnzz.com","q11.cnzz.com","thy.dacedsfa.cn","xg.whsbpw.cn","s19.cnzz.com","z8.cnzz.com","s4.cnzz.com","f5w.as12df.top","ae01.alicdn.com","www.92424.cn","k.wudejia.com","vivovip.mmszxc.top","qiu.xixiqiu.com","cdnjs.hnfenxun.com","cms.qdwght.com"]
}