{
"drives":[
{
"name":"9T",
"server":"https://drive.9t.ee"
},
{
"name":"木偶",
"server":"https://www.kugutsu.ml"
},
{
"name":"欧逼",
"server":"https://alistcn.repl.co"
},
{
"name":"文文",
"server":"http://518p8g7316.goho.co:5244"
},
{
"name":"小兵",
"server":"https://6vv.app"
},
{
"name":"小雅",
"server":"http://alist.xiaoya.pro"
},
{
"name":"杜比",
"server":"https://dubi.tk"
},
{
"name":"帅鹏",
"server":"https://hi.shuaipeng.wang"
},
{
"name":"星梦",
"server":"https://pan.bashroot.top"
},
{
"name":"晴园",
"server":"https://alist.52qy.repl.co"
},
{
"name":"梓澪",
"server":"https://zi0.cc"
},
{
"name":"米奇",
"server":"https://anime.mqmmw.ga"
},
{
"name":"触光",
"server":"https://pan.ichuguang.com"
},
{
"name":"一只鱼",
"server":"https://alist.youte.ml"
},
{
"name":"七米蓝",
"server":"https://al.chirmyram.com"
},
{
"name":"浩瀚吧",
"server":"https://8023.haohanba.cn"
},
{
"name":"云播放",
"server":"https://quanzi.laoxianghuijia.cn"
},
{
"name":"姬路白雪",
"server":"https://pan.jlbx.xyz"
},
{
"name":"神族九帝",
"server":"https://alist.shenzjd.com"
},
{
"name":"资源小站",
"server":"https://960303.xyz"
},
{
"name":"DISK",
"server":"http://124.222.140.243:8080"
},
{
"name":"A2",
"server":"http://37.16.3.89"
},
{
"name":"小江",
"server":"https://dyj.me"
},
{
"name":"小光盘",
"server":"https://alist.xiaoguanxiaocheng.life"
},
{
"name":"非盘",
"server":"http://www.feifwp.top"
},
{
"name":"嗨翻",
"server":"https://pan.hikerfans.com"
},
{
"name":"AUNEY",
"server":"http://121.227.25.116:8008"
},
{
"name":"SB盘",
"server":"http://sbpan.tk"
},
{
"name":"repl",
"server":"https://ali.liucn.repl.co"
},
{
"name":"秋雨分享",
"server":"https://share.laowang.me"
},
{"name":"讯维","server":"https://pan.xwbeta.com"
}
]
}