{
"9T":"https://drive.9t.ee",
"木偶":"https://www.kugutsu.ml",
"欧逼":"https://alistcn.repl.co",
"文文":"http://518p8g7316.goho.co:5244",
"小兵":"https://6vv.app",
"小雅":"http://alist.xiaoya.pro",
"杜比":"https://dubi.tk",
"帅鹏":"https://hi.shuaipeng.wang",
"星梦":"https://pan.bashroot.top",
"晴园":"https://alist.52qy.repl.co",
"梓澪":"https://zi0.cc",
"米奇":"https://anime.mqmmw.ga",
"触光":"https://pan.ichuguang.com",
"一只鱼":"https://alist.youte.ml",
"七米蓝":"https://al.chirmyram.com",
"浩瀚吧":"https://8023.haohanba.cn",
"云播放":"https://quanzi.laoxianghuijia.cn",
"姬路白雪":"https://pan.jlbx.xyz",
"神族九帝":"https://alist.shenzjd.com",
"资源小站":"https://960303.xyz",
"DISK":"http://124.222.140.243:8080",
"A2":"http://37.16.3.89",
"小江":"https://dyj.me",
"小光盘":"https://alist.xiaoguanxiaocheng.life",
"非盘":"http://www.feifwp.top",
"嗨翻":"https://pan.hikerfans.com",
"AUNEY":"http://121.227.25.116:8008",
"SB盘":"http://sbpan.tk",
"repl":"https://ali.liucn.repl.co",
"秋雨分享":"https://share.laowang.me",
"讯维":"https://pan.xwbeta.com"
}