{
"站名":"中文字幕",
"主页url":"https://avhh.vip/xjzy/",
"直接播放":"1",
"分类":"中文无码$cn-zhongwenwuma#中文综合$cn-zhongwenzonghe#中文近亲$cn-zhongwenjingqing#中文护士$cn-zhongwenhushi#中文师生$cn-zhongwenshisheng#中文强奸$cn-zhongwenqiangjian#国产自拍$cn-guochanzipai#美女主播$cn-meinvzhubo#三级伦理$cn-sanjizonghe", 

"数组":"<div class=\"item\"&&</div>",
"图片":"data-original=\"&&\"",
"标题":"title=\"&&\"",
"链接":"href=\"/xjzy/c&&.html\"",
"链接前缀":"https://avhh.vip/xjzy/xplay",
"链接后缀": "-1-1.html",
"线路数组":"button-rounded&&/a>",
"线路标题":">&&<",
"搜索数组":"<div class=\"item\"&&</div>",
"搜索图片": "data-original=\"&&\"",
"搜索标题": "title=\"&&\"",
"搜索链接": "href=\"/xjzy/c&&.html\"",
"搜索模式": "1",
"搜索url":"https://avhh.vip/xjzy/vod/search/page/{catePg}/wd/{wd}.html",
"搜索链接前缀":"https://avhh.vip/xjzy/xplay",
"搜索链接后缀":"-1-1.html",
"分类url":"https://avhh.vip/xjzy/{cateId}-{catePg}.html",
"免嗅":"0"
}