{
"作者":"张弘",
"站名":"石榴电影",
"首页":"电影",
"主页url":"https://hei19.com",
"分类":"电影&剧集&综艺&动漫",
"分类值":"1&2&3&4",
"分类url":"https://hei19.com/catalog?column={cateId}&sort=1&per_page=72&page={catePg}",
"二次截取":"type=\"application/json\">&&</script>",
"数组":"props.pageProps.mediaData.data",
"图片":"cover",
"标题":"name",
"副标题":"tag",
"链接前缀":"https://hei19.com/detail/",
"链接":"id",
"搜索模式":"1",
"搜索url":"/search?type=1&keywords={wd}&page={pg}",
"搜索二次截取":"type=\"application/json\">&&</script>",
"搜索数组":"props.pageProps.searchMovieList.data",
"搜索图片":"pic",
"搜索标题":"name",
"搜索链接":"id",
"搜索副标题":"resolution",
"搜索链接前缀":"https://hei19.com/detail/",
"影片年代":"props.pageProps.videoDetail.videoinfo.year",
"影片地区":"props.pageProps.videoDetail.videoinfo.area",
"影片类型":"props.pageProps.videoDetail.videoinfo.type",
"导演":"props.pageProps.videoDetail.videoinfo.director[].name(♥)",
"主演":"props.pageProps.videoDetail.videoinfo.starring[].name(♥)",
"简介":"props.pageProps.videoDetail.videoinfo.introduction",
"线路标题":"播放列表",
"播放二次截取":"type=\"application/json\">&&</script>",
"播放列表":"props.pageProps.videoDetail.videoepisode.data",
"播放标题":"episode",
"播放链接":"url",
"筛选":{
"1":[
{
"key":"class",
"name":"剧情",
"value":[
{"v":"","n":"全部"},
{"v":"1","n":"剧情"},
{"v":"2","n":"惊悚"},
{"v":"5","n":"动作"},
{"v":"9","n":"科幻"},
{"v":"11","n":"奇幻"},
{"v":"24","n":"爱情"},
{"v":"26","n":"喜剧"},
{"v":"27","n":"冒险"},
{"v":"28","n":"犯罪"},
{"v":"29","n":"战争"},
{"v":"34","n":"动画"},
{"v":"44","n":"同性"},
{"v":"45","n":"历史"},
{"v":"47","n":"恐怖"},
{"v":"48","n":"悬疑"},
{"v":"49","n":"传记"},
{"v":"53","n":"纪录片"},
{"v":"57","n":"古装"},
{"v":"58","n":"家庭"},
{"v":"85","n":"伦理"}
]
},
{
"key":"area",
"name":"地区",
"value":[
{"v":"","n":"全部"},
{"v":"1","n":"中国大陆"},
{"v":"3","n":"中国香港"},
{"v":"6","n":"美国"},
{"v":"9","n":"韩国"},
{"v":"10","n":"日本"},
{"v":"11","n":"印度"},
{"v":"12","n":"英国"},
{"v":"13","n":"法国"},
{"v":"16","n":"俄罗斯"},
{"v":"22","n":"丹麦"},
{"v":"23","n":"澳大利亚"},
{"v":"24","n":"德国"}
]
},
{
"key":"year",
"name":"年份",
"value":[
{"v":"","n":"全部"},
{"v":"51","n":"2022"},
{"v":"52","n":"2021"},
{"v":"53","n":"2020"},
{"v":"54","n":"2019"},
{"v":"55","n":"2018"},
{"v":"56","n":"2017"},
{"v":"57","n":"2016"},
{"v":"58","n":"2015"},
{"v":"59","n":"2014"},
{"v":"60","n":"2013"},
{"v":"61","n":"2012"},
{"v":"62","n":"2011"}
]
}
],
"2":[
{
"key":"class",
"name":"剧情",
"value":[
{"v":"","n":"全部"},
{"v":"7","n":"爱情"},
{"v":"8","n":"喜剧"},
{"v":"10","n":"犯罪"},
{"v":"15","n":"奇幻"},
{"v":"17","n":"悬疑"},
{"v":"18","n":"剧情"},
{"v":"21","n":"科幻"},
{"v":"22","n":"恐怖"},
{"v":"23","n":"惊悚"},
{"v":"25","n":"历史"},
{"v":"31","n":"动作"},
{"v":"32","n":"同性"},
{"v":"35","n":"战争"},
{"v":"38","n":"传记"},
{"v":"50","n":"冒险"},
{"v":"52","n":"纪录片"},
{"v":"59","n":"家庭"},
{"v":"76","n":"古装"},
{"v":"78","n":"动画"}
]
},
{
"key":"area",
"name":"地区",
"value":[
{"v":"","n":"全部"},
{"v":"1","n":"中国大陆"},
{"v":"2","n":"中国台湾"},
{"v":"3","n":"中国香港"},
{"v":"6","n":"美国"},
{"v":"9","n":"韩国"},
{"v":"10","n":"日本"},
{"v":"12","n":"英国"},
{"v":"13","n":"法国"},
{"v":"17","n":"乌克兰"},
{"v":"18","n":"西班牙"},
{"v":"25","n":"泰国"},
{"v":"32","n":"加拿大"}
]
},
{
"key":"year",
"name":"年份",
"value":[
{"v":"","n":"全部"},
{"v":"51","n":"2022"},
{"v":"52","n":"2021"},
{"v":"53","n":"2020"},
{"v":"54","n":"2019"},
{"v":"55","n":"2018"},
{"v":"56","n":"2017"},
{"v":"57","n":"2016"}
]
}
],
"3":[
{
"key":"class",
"name":"剧情",
"value":[
{"v":"","n":"全部"},
{"v":"12","n":"选秀"},
{"v":"61","n":"情感"},
{"v":"62","n":"美食"},
{"v":"63","n":"音乐"},
{"v":"77","n":"真人秀"},
{"v":"79","n":"喜剧"},
{"v":"80","n":"奇幻"},
{"v":"81","n":"冒险"},
{"v":"82","n":"脱口秀"},
{"v":"83","n":"爱情"},
{"v":"84","n":"家庭"},
{"v":"88","n":"歌舞"}
]
},
{
"key":"area",
"name":"地区",
"value":[
{"v":"","n":"全部"},
{"v":"1","n":"中国大陆"},
{"v":"2","n":"中国台湾"},
{"v":"6","n":"美国"},
{"v":"9","n":"韩国"},
{"v":"10","n":"日本"},
{"v":"18","n":"西班牙"},
{"v":"20","n":"巴西"},
{"v":"24","n":"德国"},
{"v":"29","n":"墨西哥"}
]
},
{
"key":"year",
"name":"年份",
"value":[
{"v":"","n":"全部"},
{"v":"51","n":"2022"},
{"v":"52","n":"2021"},
{"v":"53","n":"2020"},
{"v":"54","n":"2019"},
{"v":"55","n":"2018"},
{"v":"56","n":"2017"},
{"v":"57","n":"2016"},
{"v":"58","n":"2015"},
{"v":"59","n":"2014"},
{"v":"32","n":"2009"},
{"v":"33","n":"2008"},
{"v":"34","n":"2007"}
]
}
],
"4":[
{
"key":"class",
"name":"剧情",
"value":[
{"v":"","n":"全部"},
{"v":"13","n":"国漫"},
{"v":"60","n":"日漫"},
{"v":"65","n":"美漫"},
{"v":"66","n":"动画"},
{"v":"67","n":"奇幻"},
{"v":"68","n":"冒险"},
{"v":"69","n":"喜剧"},
{"v":"70","n":"动作"},
{"v":"71","n":"剧情"},
{"v":"72","n":"古装"},
{"v":"73","n":"同性"},
{"v":"74","n":"武侠"},
{"v":"75","n":"爱情"},
{"v":"92","n":"惊悚"}
]
},
{
"key":"area",
"name":"地区",
"value":[
{"v":"","n":"全部"},
{"v":"1","n":"中国大陆"},
{"v":"6","n":"美国"},
{"v":"10","n":"日本"}
]
},
{
"key":"year",
"name":"年份",
"value":[
{"v":"","n":"全部"},
{"v":"51","n":"2022"},
{"v":"52","n":"2021"},
{"v":"53","n":"2020"},
{"v":"54","n":"2019"},
{"v":"55","n":"2018"},
{"v":"56","n":"2017"},
{"v":"57","n":"2016"},
{"v":"58","n":"2015"},
{"v":"59","n":"2014"},
{"v":"60","n":"2013"},
{"v":"61","n":"2012"},
{"v":"62","n":"2011"}
]
}
]
}
}