{
"9T":"https://drive.9t.ee",

"木偶":"https://www.kugutsu.ml",

"4k影视":"https://quanzi.laoxianghuijia.cn",

"A2":"http://37.16.3.89",

"小江":"https://dyj.me",

"触光":"https://pan.ichuguang.com",

"小光盘":"https://alist.xiaoguanxiaocheng.life",

"非盘":"http://www.feifwp.top",

"嗨翻":"https://pan.hikerfans.com",

"AUNEY":"http://121.227.25.116:8008",

"sangxuesheng":"https://wangpan.sangxuesheng.com",

"杜比":"https://dubi.tk",

"帥鵬":"https://hi.shuaipeng.wang",

"小雅":"http://alistxy.ganggang.live:5678",

"晴园":"https://alist.52qy.repl.co",

"米奇":"https://anime.mqmmw.ga",

"小兵":"https://6vv.app",

"一只鱼":"https://alist.youte.ml",

"七米蓝":"https://al.chirmyram.com",

"帅盘":"https://hi.shuaipeng.wang",

"神族":"https://alist.shenzjd.com",

"姬路":"https://pan.jlbx.xyz",

"浩瀚吧":"https://8023.haohanba.cn",

"資源小站":"https://960303.xyz",

"听闻":"https://wangpan.sangxuesheng.com",

"DISK":"http://124.222.140.243:8080",

"云播放":"https://quanzi.laoxianghuijia.cn",

"星梦":"https://pan.bashroot.top",

"触光":"https://pan.ichuguang.com",

"SB盘":"http://sbpan.tk",

"repl":"https://ali.liucn.repl.co",

"秋雨分享":"https://share.laowang.me",

"梓澪":"https://zi0.cc",

"讯维":"https://pan.xwbeta.com"
}