{
"9T":"https://drive.9t.ee",
"木偶":"https://www.kugutsu.ml",
"4k影视":"https://quanzi.laoxianghuijia.cn",
"小兵":"https://6vv.app",
"DISK":"http://124.222.140.243:8080",
"云播放":"https://quanzi.laoxianghuijia.cn",
"星梦":"https://pan.bashroot.top",
"A2":"http://37.16.3.89",
"小江":"https://dyj.me",
"触光":"https://pan.ichuguang.com",
"好汉吧":"https://8023.haohanba.cn",
"米奇":"https://anime.mqmmw.ga",
"晴园":"https://alist.52qy.repl.co",
"小光盘":"https://alist.xiaoguanxiaocheng.life",
"一只鱼":"https://alist.youte.ml",
"七米蓝":"https://al.chirmyram.com",
"非盘":"http://www.feifwp.top",
"嗨翻":"https://pan.hikerfans.com",
"AUNEY":"http://121.227.25.116:8008",
"sangxuesheng":"https://wangpan.sangxuesheng.com"
}